queueOrder,page,oldPath,clicks,impressions,priorityScore,legacyType,suggestedTargetPath,proposedTargetPath,decisionType,reasonCode,confidence,curationStatus,reviewerNotes
1,https://www.kotacom.id/service/jasa-pembuatan-software-surabaya,/service/jasa-pembuatan-software-surabaya,6,2175,21.13,other_nested,,/services/jasa-pembuatan-software-surabaya,redirect,service_namespace_merge,low,pending_review,
2,https://www.kotacom.id/pembuatan-website/toko-online,/pembuatan-website/toko-online,0,957,12.93,other_nested,,/services/jasa-pembuatan-website-surabaya,redirect,landing_cluster_to_service_canonical,low,pending_review,
3,https://www.kotacom.id/digital-product/jual-dvd-game-surabaya-jasa-install-game-pc-surabaya-terbaru,/digital-product/jual-dvd-game-surabaya-jasa-install-game-pc-surabaya-terbaru,38,929,34.1,other_nested,,,manual_review,manual_intent_review_required,low,pending_review,
4,https://www.kotacom.id/product/pc-rakitan-gaming-amd-am4-ryzen-7-2700-ssd-120gb-8gb-500gb,/product/pc-rakitan-gaming-amd-am4-ryzen-7-2700-ssd-120gb-8gb-500gb,7,655,21.43,other_nested,,/products/pc-rakitan-gaming-amd-am4-ryzen-7-2700-ssd-120gb-8gb-500gb,redirect,product_singular_to_plural,medium,pending_review,
5,https://www.kotacom.id/pembuatan-website/harga,/pembuatan-website/harga,1,613,14.57,other_nested,,/services/jasa-pembuatan-website-surabaya,redirect,landing_cluster_to_service_canonical,low,pending_review,
6,https://www.kotacom.id/it-services/jasa-install-game-dan-isi-game-surabaya,/it-services/jasa-install-game-dan-isi-game-surabaya,35,568,34.99,other_nested,,/services/jasa-install-game-dan-isi-game-surabaya,redirect,service_namespace_merge,low,pending_review,
7,https://www.kotacom.id/it-services/jasa-pembuatan-software-surabaya,/it-services/jasa-pembuatan-software-surabaya,0,459,11.65,other_nested,,/services/jasa-pembuatan-software-surabaya,redirect,service_namespace_merge,low,pending_review,
8,https://www.kotacom.id/it-services/jasa-install-ulang-windows-surabaya,/it-services/jasa-install-ulang-windows-surabaya,6,351,23.45,other_nested,,/services/jasa-install-ulang-windows-surabaya,redirect,service_namespace_merge,low,pending_review,
9,https://www.kotacom.id/product/pc-rakitan-core-i3-4160-gen-4-4gb-500gb-rakit-pc-surabaya,/product/pc-rakitan-core-i3-4160-gen-4-4gb-500gb-rakit-pc-surabaya,6,280,21.8,other_nested,,/products/pc-rakitan-core-i3-4160-gen-4-4gb-500gb-rakit-pc-surabaya,redirect,product_singular_to_plural,medium,pending_review,
10,https://www.kotacom.id/product/pc-rakitan-core-i3-3210-gen-3-4gb-500gb-rakit-pc-surabaya,/product/pc-rakitan-core-i3-3210-gen-3-4gb-500gb-rakit-pc-surabaya,4,272,21.04,other_nested,,/products/pc-rakitan-core-i3-3210-gen-3-4gb-500gb-rakit-pc-surabaya,redirect,product_singular_to_plural,medium,pending_review,
11,https://www.kotacom.id/projects/restaurant-management-system,/projects/restaurant-management-system,0,270,10.73,project_detail,/services,/projects/restaurant-management-system,keep_or_redirect,projects_direct,medium,pending_review,
12,https://www.kotacom.id/product/pc-rakitan-gaming-ryzen-3-2200g-ssd-120gb-8gb-500gb,/product/pc-rakitan-gaming-ryzen-3-2200g-ssd-120gb-8gb-500gb,4,207,21.71,other_nested,,/products/pc-rakitan-gaming-ryzen-3-2200g-ssd-120gb-8gb-500gb,redirect,product_singular_to_plural,medium,pending_review,
13,https://www.kotacom.id/product/hardisk-5tb-63-ribu-lagu-karaoke-klipasli-software-full-ribuan-film,/product/hardisk-5tb-63-ribu-lagu-karaoke-klipasli-software-full-ribuan-film,2,201,14.09,other_nested,,/products/hardisk-5tb-63-ribu-lagu-karaoke-klipasli-software-full-ribuan-film,redirect,product_singular_to_plural,medium,pending_review,
14,https://www.kotacom.id/product/pc-rakitan-gaming-core-i7-8700-ssd-120gb-8gb-gtx-1650-4gb,/product/pc-rakitan-gaming-core-i7-8700-ssd-120gb-8gb-gtx-1650-4gb,4,197,18.42,other_nested,,/products/pc-rakitan-gaming-core-i7-8700-ssd-120gb-8gb-gtx-1650-4gb,redirect,product_singular_to_plural,medium,pending_review,
15,https://www.kotacom.id/product/pc-rakitan-gaming-core-i5-2400-ssd-120gb-8gb-500gb-nvidia-gt-1030-2gb,/product/pc-rakitan-gaming-core-i5-2400-ssd-120gb-8gb-500gb-nvidia-gt-1030-2gb,3,170,17.2,other_nested,,/products/pc-rakitan-gaming-core-i5-2400-ssd-120gb-8gb-500gb-nvidia-gt-1030-2gb,redirect,product_singular_to_plural,medium,pending_review,
16,https://www.kotacom.id/product/pc-rakitan-core-i5-4gb-500gb-low-budget-rakit-pc-office-admin,/product/pc-rakitan-core-i5-4gb-500gb-low-budget-rakit-pc-office-admin,1,153,13.19,other_nested,,/products/pc-rakitan-core-i5-4gb-500gb-low-budget-rakit-pc-office-admin,redirect,product_singular_to_plural,medium,pending_review,
17,https://www.kotacom.id/product/flashdisk-sandisk-16-gb-300-lagu-karaoke-hits-update-terbaru-0,/product/flashdisk-sandisk-16-gb-300-lagu-karaoke-hits-update-terbaru-0,4,142,22.91,other_nested,,/products/flashdisk-sandisk-16-gb-300-lagu-karaoke-hits-update-terbaru-0,redirect,product_singular_to_plural,medium,pending_review,
18,https://www.kotacom.id/product/pc-rakitan-kantor-intel-core-i3-gen2-ram-4gb-ddr3-hdd-500gb,/product/pc-rakitan-kantor-intel-core-i3-gen2-ram-4gb-ddr3-hdd-500gb,0,132,18.48,other_nested,,/products/pc-rakitan-kantor-intel-core-i3-gen2-ram-4gb-ddr3-hdd-500gb,redirect,product_singular_to_plural,medium,pending_review,
19,https://www.kotacom.id/product/pc-rakitan-player-karaoke-2tb-30-000-lagu-bukan-geisler-nakamichi,/product/pc-rakitan-player-karaoke-2tb-30-000-lagu-bukan-geisler-nakamichi,1,130,12.92,other_nested,,/products/pc-rakitan-player-karaoke-2tb-30-000-lagu-bukan-geisler-nakamichi,redirect,product_singular_to_plural,medium,pending_review,
20,https://www.kotacom.id/product/1-set-pc-intel-core-i7-ram-16gb-hdd-1tb-ssd-monitor-led-19-inc-pc-only-hdd-500gb-only,/product/1-set-pc-intel-core-i7-ram-16gb-hdd-1tb-ssd-monitor-led-19-inc-pc-only-hdd-500gb-only,3,126,15.35,other_nested,,/products/1-set-pc-intel-core-i7-ram-16gb-hdd-1tb-ssd-monitor-led-19-inc-pc-only-hdd-500gb-only,redirect,product_singular_to_plural,medium,pending_review,
21,https://www.kotacom.id/posts/startup-tech-surabaya-sidoarjo,/posts/startup-tech-surabaya-sidoarjo,2,126,15.55,other_nested,,/blog/startup-tech-surabaya-sidoarjo,redirect,legacy_posts_to_blog,high,pending_review,
22,https://www.kotacom.id/product-tag/jasa-rakit-pc-surabaya,/product-tag/jasa-rakit-pc-surabaya,2,121,22.63,other_nested,,/products/category/jasa-rakit-pc-surabaya,redirect,product_tag_to_products_category,medium,pending_review,
23,https://www.kotacom.id/software/pembuatan-software,/software/pembuatan-software,0,108,9.15,other_nested,,/services/pembuatan-software,redirect,service_namespace_merge,low,pending_review,
24,https://www.kotacom.id/product/pc-cpu-core-i5-2400-led-24-in-lg-keymouse-ram-8gb-hdd-500gb,/product/pc-cpu-core-i5-2400-led-24-in-lg-keymouse-ram-8gb-hdd-500gb,1,104,12.54,other_nested,,/products/pc-cpu-core-i5-2400-led-24-in-lg-keymouse-ram-8gb-hdd-500gb,redirect,product_singular_to_plural,medium,pending_review,
25,https://www.kotacom.id/product/pc-rakitan-player-karaoke-1tb-15-000-lagu-bukan-geisler-nakamichi,/product/pc-rakitan-player-karaoke-1tb-15-000-lagu-bukan-geisler-nakamichi,5,102,17.29,other_nested,,/products/pc-rakitan-player-karaoke-1tb-15-000-lagu-bukan-geisler-nakamichi,redirect,product_singular_to_plural,medium,pending_review,
26,https://www.kotacom.id/product/pc-intel-core-i7-6700-ram-32gb-ssd-1tb-monitor-led-24-inc,/product/pc-intel-core-i7-6700-ram-32gb-ssd-1tb-monitor-led-24-inc,4,102,24.08,other_nested,,/products/pc-intel-core-i7-6700-ram-32gb-ssd-1tb-monitor-led-24-inc,redirect,product_singular_to_plural,medium,pending_review,
27,https://www.kotacom.id/product/pc-karaoke-2tb-monitor-touchscreen-audiobank-kjb-nakamichi,/product/pc-karaoke-2tb-monitor-touchscreen-audiobank-kjb-nakamichi,1,96,19.17,other_nested,,/products/pc-karaoke-2tb-monitor-touchscreen-audiobank-kjb-nakamichi,redirect,product_singular_to_plural,medium,pending_review,
28,https://www.kotacom.id/product/paket-speaker-karaoke-jbl-rma-220a-mk10pak-original-10-inch,/product/paket-speaker-karaoke-jbl-rma-220a-mk10pak-original-10-inch,0,86,18.5,other_nested,,/products/paket-speaker-karaoke-jbl-rma-220a-mk10pak-original-10-inch,redirect,product_singular_to_plural,medium,pending_review,
29,https://www.kotacom.id/product/amd-ryzen-7-ram-16gb-vga-rx-550-4gb-ddr5-ssd-1tb,/product/amd-ryzen-7-ram-16gb-vga-rx-550-4gb-ddr5-ssd-1tb,3,82,19.73,other_nested,,/products/amd-ryzen-7-ram-16gb-vga-rx-550-4gb-ddr5-ssd-1tb,redirect,product_singular_to_plural,medium,pending_review,
30,https://www.kotacom.id/pembuatan-website/surabaya,/pembuatan-website/surabaya,5,78,15.14,other_nested,,/services/jasa-pembuatan-website-surabaya,redirect,landing_cluster_to_service_canonical,low,pending_review,
31,https://www.kotacom.id/product/pc-gaming-intel-core-i5-4460-ram-16gb-vga-rx-4gb-ddr5-ssd-512gb,/product/pc-gaming-intel-core-i5-4460-ram-16gb-vga-rx-4gb-ddr5-ssd-512gb,0,78,15.06,other_nested,,/products/pc-gaming-intel-core-i5-4460-ram-16gb-vga-rx-4gb-ddr5-ssd-512gb,redirect,product_singular_to_plural,medium,pending_review,
32,https://www.kotacom.id/product-tag/jual-pc-rakitan-murah-lumajang,/product-tag/jual-pc-rakitan-murah-lumajang,7,77,27.24,other_nested,,/products/category/jual-pc-rakitan-murah-lumajang,redirect,product_tag_to_products_category,medium,pending_review,
33,https://www.kotacom.id/blog/transformasi-bisnis,/blog/transformasi-bisnis,0,75,9.52,other_nested,,/blog/transformasi-bisnis,keep_or_redirect,blog_slug_normalization,medium,pending_review,
34,https://www.kotacom.id/product-tag/jual-pc-rakitan-murah-madiun,/product-tag/jual-pc-rakitan-murah-madiun,5,74,23.94,other_nested,,/products/category/jual-pc-rakitan-murah-madiun,redirect,product_tag_to_products_category,medium,pending_review,
35,https://www.kotacom.id/jasa-cetak-buku-morowali-utara/cetak,/jasa-cetak-buku-morowali-utara/cetak,0,74,9.5,other_nested,,/services/printing-services,redirect,printing_cluster_to_service_canonical,low,pending_review,
36,https://www.kotacom.id/product-tag/jual-pc-rakitan-murah-mojokerto/page/2,/product-tag/jual-pc-rakitan-murah-mojokerto/page/2,2,71,13.39,other_nested,,/products/category/jual-pc-rakitan-murah-mojokerto,redirect,product_tag_to_products_category,medium,pending_review,
37,https://www.kotacom.id/product-tag/jual-komputer-rakitan-murah-madiun,/product-tag/jual-komputer-rakitan-murah-madiun,2,70,21.79,other_nested,,/products/category/jual-komputer-rakitan-murah-madiun,redirect,product_tag_to_products_category,medium,pending_review,
38,https://www.kotacom.id/product/usb-flashdisk-64gb-1200-lagu-karaoke-klip-asli-software-full-v-0,/product/usb-flashdisk-64gb-1200-lagu-karaoke-klip-asli-software-full-v-0,0,67,16.56,other_nested,,/products/usb-flashdisk-64gb-1200-lagu-karaoke-klip-asli-software-full-v-0,redirect,product_singular_to_plural,medium,pending_review,
39,https://www.kotacom.id/product/cpu-core-i7-2600-fullset-ram-4gb-hdd-500gb-led-19in-lg-keymouse,/product/cpu-core-i7-2600-fullset-ram-4gb-hdd-500gb-led-19in-lg-keymouse,0,66,9.3,other_nested,,/products/cpu-core-i7-2600-fullset-ram-4gb-hdd-500gb-led-19in-lg-keymouse,redirect,product_singular_to_plural,medium,pending_review,
40,https://www.kotacom.id/product-tag/jual-pc-rakitan-murah-mojokerto,/product-tag/jual-pc-rakitan-murah-mojokerto,5,64,19.79,other_nested,,/products/category/jual-pc-rakitan-murah-mojokerto,redirect,product_tag_to_products_category,medium,pending_review,
41,https://www.kotacom.id/product-tag/jual-komputer-rakitan-murah-tulungagung/page/2,/product-tag/jual-komputer-rakitan-murah-tulungagung/page/2,1,64,12.13,other_nested,,/products/category/jual-komputer-rakitan-murah-tulungagung,redirect,product_tag_to_products_category,medium,pending_review,
42,https://www.kotacom.id/product/hardisk-wd-3tb-new-62rb-lagu-karaoke-klip-asli-2019-software-full,/product/hardisk-wd-3tb-new-62rb-lagu-karaoke-klip-asli-2019-software-full,0,63,9.22,other_nested,,/products/hardisk-wd-3tb-new-62rb-lagu-karaoke-klip-asli-2019-software-full,redirect,product_singular_to_plural,medium,pending_review,
43,https://www.kotacom.id/product-tag/jasa-rakit-pc-murah-gresik,/product-tag/jasa-rakit-pc-murah-gresik,3,57,19.63,other_nested,,/products/category/jasa-rakit-pc-murah-gresik,redirect,product_tag_to_products_category,medium,pending_review,
44,https://www.kotacom.id/blog/software-development-surabaya,/blog/software-development-surabaya,0,57,9.05,other_nested,,/blog/software-development-surabaya,keep_or_redirect,blog_slug_normalization,medium,pending_review,
45,https://www.kotacom.id/product-tag/jual-komputer-rakitan-murah-bojonegoro,/product-tag/jual-komputer-rakitan-murah-bojonegoro,2,55,20.25,other_nested,,/products/category/jual-komputer-rakitan-murah-bojonegoro,redirect,product_tag_to_products_category,medium,pending_review,
46,https://www.kotacom.id/product-tag/jual-pc-rakitan-murah-kediri/page/2,/product-tag/jual-pc-rakitan-murah-kediri/page/2,1,54,16.95,other_nested,,/products/category/jual-pc-rakitan-murah-kediri,redirect,product_tag_to_products_category,medium,pending_review,
47,https://www.kotacom.id/product/pc-rakitan-gaming-core-i3-9100f-ssd-120gb-8gb-gtx-1650-4gb,/product/pc-rakitan-gaming-core-i3-9100f-ssd-120gb-8gb-gtx-1650-4gb,0,53,11.21,other_nested,,/products/pc-rakitan-gaming-core-i3-9100f-ssd-120gb-8gb-gtx-1650-4gb,redirect,product_singular_to_plural,medium,pending_review,
48,https://www.kotacom.id/product-tag/jasa-rakit-pc-sidoarjo/page/2,/product-tag/jasa-rakit-pc-sidoarjo/page/2,4,52,23.84,other_nested,,/products/category/jasa-rakit-pc-sidoarjo,redirect,product_tag_to_products_category,medium,pending_review,
49,https://www.kotacom.id/pembuatan-website/sidoarjo,/pembuatan-website/sidoarjo,0,52,7.9,other_nested,,/services/jasa-pembuatan-website-surabaya,redirect,landing_cluster_to_service_canonical,low,pending_review,
50,https://www.kotacom.id/product/pc-rakitan-core-i5-lengkap-siap-pakai-untuk-office-admin,/product/pc-rakitan-core-i5-lengkap-siap-pakai-untuk-office-admin,1,51,11.63,other_nested,,/products/pc-rakitan-core-i5-lengkap-siap-pakai-untuk-office-admin,redirect,product_singular_to_plural,medium,pending_review,
51,https://www.kotacom.id/blog/panduan-memilih-sistem-pos-untuk-umkm-indonesia,/blog/panduan-memilih-sistem-pos-untuk-umkm-indonesia,0,51,8.86,other_nested,,/blog/panduan-memilih-sistem-pos-untuk-umkm-indonesia,keep_or_redirect,blog_slug_normalization,medium,pending_review,
52,https://www.kotacom.id/product/pc-intel-core-i5-ram-32gb-ddr4-ssd-512gb-garansi,/product/pc-intel-core-i5-ram-32gb-ddr4-ssd-512gb-garansi,4,50,23.23,other_nested,,/products/pc-intel-core-i5-ram-32gb-ddr4-ssd-512gb-garansi,redirect,product_singular_to_plural,medium,pending_review,
53,https://www.kotacom.id/digital-product/jasa-isi-film-surabaya,/digital-product/jasa-isi-film-surabaya,0,49,19.65,other_nested,,,manual_review,manual_intent_review_required,low,pending_review,
54,https://www.kotacom.id/product/hardisk-internal-4tb-film-hd-game-pc-konser-musik-fitness-tra-0,/product/hardisk-internal-4tb-film-hd-game-pc-konser-musik-fitness-tra-0,0,49,13.36,other_nested,,/products/hardisk-internal-4tb-film-hd-game-pc-konser-musik-fitness-tra-0,redirect,product_singular_to_plural,medium,pending_review,
55,https://www.kotacom.id/product/pc-gaming-intel-core-i7-6700-ram-32gb-ddr4-vga-8gb-ddr5-hdd-1tbssd-8gb-ddr4-vga-onboard-hd,/product/pc-gaming-intel-core-i7-6700-ram-32gb-ddr4-vga-8gb-ddr5-hdd-1tbssd-8gb-ddr4-vga-onboard-hd,0,48,14.76,other_nested,,/products/pc-gaming-intel-core-i7-6700-ram-32gb-ddr4-vga-8gb-ddr5-hdd-1tbssd-8gb-ddr4-vga-onboard-hd,redirect,product_singular_to_plural,medium,pending_review,
56,https://www.kotacom.id/product/rakit-pc-core-i5-4460-4gb-500gb-pc-rakitan-office-surabaya,/product/rakit-pc-core-i5-4460-4gb-500gb-pc-rakitan-office-surabaya,2,46,16.21,other_nested,,/products/rakit-pc-core-i5-4460-4gb-500gb-pc-rakitan-office-surabaya,redirect,product_singular_to_plural,medium,pending_review,
57,https://www.kotacom.id/projects/fashion-retail-pos-system-butik-cantik,/projects/fashion-retail-pos-system-butik-cantik,0,46,7.69,project_detail,/services,/projects/fashion-retail-pos-system-butik-cantik,keep_or_redirect,projects_direct,medium,pending_review,
58,https://www.kotacom.id/rekomendasi-rakit-pc-5-jutaan/comment-page-1,/rekomendasi-rakit-pc-5-jutaan/comment-page-1,0,44,7.61,other_nested,,,manual_review,manual_intent_review_required,low,pending_review,
59,https://www.kotacom.id/product/1set-pc-gaming-core-i5-3470-ram-16gb-vga-gtx-4gb-ddr5-monitor-22-inc,/product/1set-pc-gaming-core-i5-3470-ram-16gb-vga-gtx-4gb-ddr5-monitor-22-inc,1,43,12.42,other_nested,,/products/1set-pc-gaming-core-i5-3470-ram-16gb-vga-gtx-4gb-ddr5-monitor-22-inc,redirect,product_singular_to_plural,medium,pending_review,
60,https://www.kotacom.id/product/rakit-pc-core-i3-2120-4gb-500gb-pc-rakitan-surabaya,/product/rakit-pc-core-i3-2120-4gb-500gb-pc-rakitan-surabaya,0,43,10.92,other_nested,,/products/rakit-pc-core-i3-2120-4gb-500gb-pc-rakitan-surabaya,redirect,product_singular_to_plural,medium,pending_review,
61,https://www.kotacom.id/product/kalender-dinding-2,/product/kalender-dinding-2,0,43,8.57,other_nested,,/products/kalender-dinding-2,redirect,product_singular_to_plural,medium,pending_review,
62,https://www.kotacom.id/shop/page/5,/shop/page/5,0,43,8.57,other_nested,,/blog,redirect,pagination_to_canonical_listing,low,pending_review,
63,https://www.kotacom.id/product-tag/jual-komputer-rakitan-murah-banyuwangi,/product-tag/jual-komputer-rakitan-murah-banyuwangi,1,42,19.72,other_nested,,/products/category/jual-komputer-rakitan-murah-banyuwangi,redirect,product_tag_to_products_category,medium,pending_review,
64,https://www.kotacom.id/posts/smart-city-surabaya-teknologi,/posts/smart-city-surabaya-teknologi,1,41,15.51,other_nested,,/blog/smart-city-surabaya-teknologi,redirect,legacy_posts_to_blog,high,pending_review,
65,https://www.kotacom.id/product-tag/jual-komputer-rakitan-murah-ngawi/page/2,/product-tag/jual-komputer-rakitan-murah-ngawi/page/2,1,41,11.04,other_nested,,/products/category/jual-komputer-rakitan-murah-ngawi,redirect,product_tag_to_products_category,medium,pending_review,
66,https://www.kotacom.id/product/rakit-pc-core-i5-4gb-500gb-pc-rakitan-office-surabaya,/product/rakit-pc-core-i5-4gb-500gb-pc-rakitan-office-surabaya,1,41,11.02,other_nested,,/products/rakit-pc-core-i5-4gb-500gb-pc-rakitan-office-surabaya,redirect,product_singular_to_plural,medium,pending_review,
67,https://www.kotacom.id/product-tag/jual-pc-rakitan-murah-magetan-pamekasan,/product-tag/jual-pc-rakitan-murah-magetan-pamekasan,0,38,15.7,other_nested,,/products/category/jual-pc-rakitan-murah-magetan-pamekasan,redirect,product_tag_to_products_category,medium,pending_review,
68,https://www.kotacom.id/product-tag/jual-pc-rakitan-murah-madura/page/2,/product-tag/jual-pc-rakitan-murah-madura/page/2,0,38,15.15,other_nested,,/products/category/jual-pc-rakitan-murah-madura,redirect,product_tag_to_products_category,medium,pending_review,
69,https://www.kotacom.id/posts/toko-online-surabaya,/posts/toko-online-surabaya,0,38,14.69,other_nested,,/blog/toko-online-surabaya,redirect,legacy_posts_to_blog,high,pending_review,
70,https://www.kotacom.id/shop/page/8,/shop/page/8,0,36,8.27,other_nested,,/blog,redirect,pagination_to_canonical_listing,low,pending_review,
71,https://www.kotacom.id/product-tag/jual-komputer-rakitan-gresik/page/2,/product-tag/jual-komputer-rakitan-gresik/page/2,2,34,21.15,other_nested,,/products/category/jual-komputer-rakitan-gresik,redirect,product_tag_to_products_category,medium,pending_review,
72,https://www.kotacom.id/product-category/karaoke,/product-category/karaoke,0,34,15.79,other_nested,,,manual_review,manual_intent_review_required,low,pending_review,
73,https://www.kotacom.id/projects/it-infrastructure-upgrade,/projects/it-infrastructure-upgrade,0,34,14.09,project_detail,/services,/projects/it-infrastructure-upgrade,keep_or_redirect,projects_direct,medium,pending_review,
74,https://www.kotacom.id/product/kalender-dinding,/product/kalender-dinding,0,34,8.18,other_nested,,/products/kalender-dinding,redirect,product_singular_to_plural,medium,pending_review,
75,https://www.kotacom.id/product/hardisk-internal-1tb-20-ribu-lagu-karaoke-plus-software-karaok-0,/product/hardisk-internal-1tb-20-ribu-lagu-karaoke-plus-software-karaok-0,1,33,15.48,other_nested,,/products/hardisk-internal-1tb-20-ribu-lagu-karaoke-plus-software-karaok-0,redirect,product_singular_to_plural,medium,pending_review,
76,https://www.kotacom.id/product-tag/jual-pc-rakitan-murah-madura,/product-tag/jual-pc-rakitan-murah-madura,0,33,13.07,other_nested,,/products/category/jual-pc-rakitan-murah-madura,redirect,product_tag_to_products_category,medium,pending_review,
77,https://www.kotacom.id/tag/jasa-recovery-data-laptop-murah-madiun,/tag/jasa-recovery-data-laptop-murah-madiun,0,33,8.13,other_nested,,,manual_review,manual_intent_review_required,low,pending_review,
78,https://www.kotacom.id/projects/law-firm-case-management,/projects/law-firm-case-management,1,32,16.01,project_detail,/services,/projects/law-firm-case-management,keep_or_redirect,projects_direct,medium,pending_review,
79,https://www.kotacom.id/projects/website-toko-online-umkm,/projects/website-toko-online-umkm,0,32,13.32,project_detail,/services,/projects/website-toko-online-umkm,keep_or_redirect,projects_direct,medium,pending_review,
80,https://www.kotacom.id/shop/page/3,/shop/page/3,0,31,14.63,other_nested,,/blog,redirect,pagination_to_canonical_listing,low,pending_review,
81,https://www.kotacom.id/product/hardisk-eksternal-4tb-full-film-hd-game-pc-konser-musik-fitnes-0,/product/hardisk-eksternal-4tb-full-film-hd-game-pc-konser-musik-fitnes-0,0,31,14.22,other_nested,,/products/hardisk-eksternal-4tb-full-film-hd-game-pc-konser-musik-fitnes-0,redirect,product_singular_to_plural,medium,pending_review,
82,https://www.kotacom.id/product/hardisk-eksternal-1tb-full-isi-film-hd-game-pc-dan-lainnya-0,/product/hardisk-eksternal-1tb-full-isi-film-hd-game-pc-dan-lainnya-0,0,31,11.33,other_nested,,/products/hardisk-eksternal-1tb-full-isi-film-hd-game-pc-dan-lainnya-0,redirect,product_singular_to_plural,medium,pending_review,
83,https://www.kotacom.id/product/pc-intel-core-i7-monitor,/product/pc-intel-core-i7-monitor,0,31,7.92,other_nested,,/products/pc-intel-core-i7-monitor,redirect,product_singular_to_plural,medium,pending_review,
84,https://www.kotacom.id/product-tag/jual-pc-rakitan-murah-nganjuk/page/2,/product-tag/jual-pc-rakitan-murah-nganjuk/page/2,4,30,24.37,other_nested,,/products/category/jual-pc-rakitan-murah-nganjuk,redirect,product_tag_to_products_category,medium,pending_review,
85,https://www.kotacom.id/product-tag/jual-pc-rakitan-murah-blitar/page/2,/product-tag/jual-pc-rakitan-murah-blitar/page/2,3,30,18.63,other_nested,,/products/category/jual-pc-rakitan-murah-blitar,redirect,product_tag_to_products_category,medium,pending_review,
86,https://www.kotacom.id/product/low-budget-pc-rakitan-gaming-core-i5-2400-8gb-1030-2gb-rakit-pc-2,/product/low-budget-pc-rakitan-gaming-core-i5-2400-8gb-1030-2gb-rakit-pc-2,1,30,10.61,other_nested,,/products/low-budget-pc-rakitan-gaming-core-i5-2400-8gb-1030-2gb-rakit-pc-2,redirect,product_singular_to_plural,medium,pending_review,
87,https://www.kotacom.id/product/pc-server-anbk-unbk-intel-xeon-8-cpus-ram-16gb-hdd-1tb-dual-lan,/product/pc-server-anbk-unbk-intel-xeon-8-cpus-ram-16gb-hdd-1tb-dual-lan,1,30,10.54,other_nested,,/products/pc-server-anbk-unbk-intel-xeon-8-cpus-ram-16gb-hdd-1tb-dual-lan,redirect,product_singular_to_plural,medium,pending_review,
88,https://www.kotacom.id/product-tag/jual-pc-rakitan-murah-malang,/product-tag/jual-pc-rakitan-murah-malang,0,30,12.94,other_nested,,/products/category/jual-pc-rakitan-murah-malang,redirect,product_tag_to_products_category,medium,pending_review,
89,https://www.kotacom.id/product/pc-karaoke-1tb-slim-15000-lagu-not-audiobank-kjb-nakamichi-geisler,/product/pc-karaoke-1tb-slim-15000-lagu-not-audiobank-kjb-nakamichi-geisler,0,30,11.18,other_nested,,/products/pc-karaoke-1tb-slim-15000-lagu-not-audiobank-kjb-nakamichi-geisler,redirect,product_singular_to_plural,medium,pending_review,
90,https://www.kotacom.id/product/rakit-pc-gaming-ryzen-3-2200g-ssd-gtx-1650-4gb-120gb-8gb-500gb,/product/rakit-pc-gaming-ryzen-3-2200g-ssd-gtx-1650-4gb-120gb-8gb-500gb,0,29,14,other_nested,,/products/rakit-pc-gaming-ryzen-3-2200g-ssd-gtx-1650-4gb-120gb-8gb-500gb,redirect,product_singular_to_plural,medium,pending_review,
91,https://www.kotacom.id/product-tag/jual-pc-rakitan-murah-madiun/page/2,/product-tag/jual-pc-rakitan-murah-madiun/page/2,0,28,15.71,other_nested,,/products/category/jual-pc-rakitan-murah-madiun,redirect,product_tag_to_products_category,medium,pending_review,
92,https://www.kotacom.id/product-tag/jual-komputer-rakitan-murah-sampang/page/2,/product-tag/jual-komputer-rakitan-murah-sampang/page/2,0,28,10.99,other_nested,,/products/category/jual-komputer-rakitan-murah-sampang,redirect,product_tag_to_products_category,medium,pending_review,
93,https://www.kotacom.id/projects/cooperative-management-system-surabaya,/projects/cooperative-management-system-surabaya,0,28,9.25,project_detail,/services,/projects/cooperative-management-system-surabaya,keep_or_redirect,projects_direct,medium,pending_review,
94,https://www.kotacom.id/product/pc-karaoke-4tb-60000-lagu-film-audiobank-kjb-nakamichi-geisler,/product/pc-karaoke-4tb-60000-lagu-film-audiobank-kjb-nakamichi-geisler,0,28,7.99,other_nested,,/products/pc-karaoke-4tb-60000-lagu-film-audiobank-kjb-nakamichi-geisler,redirect,product_singular_to_plural,medium,pending_review,
95,https://www.kotacom.id/product/pc-rakitan-gaming-ryzen-5-2200g-8gb-500gb-rakit-pc-surabaya-2,/product/pc-rakitan-gaming-ryzen-5-2200g-8gb-500gb-rakit-pc-surabaya-2,0,28,7.85,other_nested,,/products/pc-rakitan-gaming-ryzen-5-2200g-8gb-500gb-rakit-pc-surabaya-2,redirect,product_singular_to_plural,medium,pending_review,
96,https://www.kotacom.id/pembuatan-website/sekolah,/pembuatan-website/sekolah,0,28,6.85,other_nested,,/services/jasa-pembuatan-website-surabaya,redirect,landing_cluster_to_service_canonical,low,pending_review,
97,https://www.kotacom.id/product-tag/jual-komputer-rakitan-murah-bondowoso,/product-tag/jual-komputer-rakitan-murah-bondowoso,1,27,14.21,other_nested,,/products/category/jual-komputer-rakitan-murah-bondowoso,redirect,product_tag_to_products_category,medium,pending_review,
98,https://www.kotacom.id/product/pc-rakitan-core-i3-2gb-500gb-low-budget-rakit-pc-office-admin,/product/pc-rakitan-core-i3-2gb-500gb-low-budget-rakit-pc-office-admin,0,27,7.79,other_nested,,/products/pc-rakitan-core-i3-2gb-500gb-low-budget-rakit-pc-office-admin,redirect,product_singular_to_plural,medium,pending_review,
99,https://www.kotacom.id/posts/server-maintenance-surabaya,/posts/server-maintenance-surabaya,0,27,7.77,other_nested,,/blog/server-maintenance-surabaya,redirect,legacy_posts_to_blog,high,pending_review,
100,https://www.kotacom.id/product/hardisk-internal-2tb-40-ribu-lagu-karaoke-klipasli-update-soft-0,/product/hardisk-internal-2tb-40-ribu-lagu-karaoke-klipasli-update-soft-0,1,26,15.79,other_nested,,/products/hardisk-internal-2tb-40-ribu-lagu-karaoke-klipasli-update-soft-0,redirect,product_singular_to_plural,medium,pending_review,
101,https://www.kotacom.id/blog/coworking-space-tech-surabaya,/blog/coworking-space-tech-surabaya,0,26,8.73,other_nested,,/blog/coworking-space-tech-surabaya,keep_or_redirect,blog_slug_normalization,medium,pending_review,
102,https://www.kotacom.id/product-tag/jual-komputer-rakitan-murah-jombang/page/2,/product-tag/jual-komputer-rakitan-murah-jombang/page/2,1,25,18.71,other_nested,,/products/category/jual-komputer-rakitan-murah-jombang,redirect,product_tag_to_products_category,medium,pending_review,
103,https://www.kotacom.id/product/pc-rakitan-gaming-core-i5-2400-8gb-500gb-with-nvidia-gt-1030-2gb-ddr5,/product/pc-rakitan-gaming-core-i5-2400-8gb-500gb-with-nvidia-gt-1030-2gb-ddr5,0,25,10.34,other_nested,,/products/pc-rakitan-gaming-core-i5-2400-8gb-500gb-with-nvidia-gt-1030-2gb-ddr5,redirect,product_singular_to_plural,medium,pending_review,
104,https://www.kotacom.id/product/pc-rakitan-core-i3-4gb-500gb-siap-pakai-untuk-office-admin,/product/pc-rakitan-core-i3-4gb-500gb-siap-pakai-untuk-office-admin,0,25,7.66,other_nested,,/products/pc-rakitan-core-i3-4gb-500gb-siap-pakai-untuk-office-admin,redirect,product_singular_to_plural,medium,pending_review,
105,https://www.kotacom.id/product-tag/jasa-rakit-pc-sidoarjo,/product-tag/jasa-rakit-pc-sidoarjo,0,24,17.46,other_nested,,/products/category/jasa-rakit-pc-sidoarjo,redirect,product_tag_to_products_category,medium,pending_review,
106,https://www.kotacom.id/product/pc-karaoke-4tb-slim-monitor-touchscreen-paket-bmb-speaker,/product/pc-karaoke-4tb-slim-monitor-touchscreen-paket-bmb-speaker,0,24,17.29,other_nested,,/products/pc-karaoke-4tb-slim-monitor-touchscreen-paket-bmb-speaker,redirect,product_singular_to_plural,medium,pending_review,
107,https://www.kotacom.id/product/pc-karaoke-2tb-slim-monitor-touchscreen-paket-bmb-speaker,/product/pc-karaoke-2tb-slim-monitor-touchscreen-paket-bmb-speaker,0,24,13.29,other_nested,,/products/pc-karaoke-2tb-slim-monitor-touchscreen-paket-bmb-speaker,redirect,product_singular_to_plural,medium,pending_review,
108,https://www.kotacom.id/posts/panduan-memilih-sistem-pos-untuk-umkm,/posts/panduan-memilih-sistem-pos-untuk-umkm,0,24,7.59,other_nested,,/blog/panduan-memilih-sistem-pos-untuk-umkm,redirect,legacy_posts_to_blog,high,pending_review,
109,https://www.kotacom.id/product-tag/jual-komputer-rakitan-murah-nganjuk,/product-tag/jual-komputer-rakitan-murah-nganjuk,0,23,16.29,other_nested,,/products/category/jual-komputer-rakitan-murah-nganjuk,redirect,product_tag_to_products_category,medium,pending_review,
110,https://www.kotacom.id/product/pc-amd-ryzen-5-ram-32gb-ssd-512gb-monitor-27inc,/product/pc-amd-ryzen-5-ram-32gb-ssd-512gb-monitor-27inc,0,23,11.7,other_nested,,/products/pc-amd-ryzen-5-ram-32gb-ssd-512gb-monitor-27inc,redirect,product_singular_to_plural,medium,pending_review,
111,https://www.kotacom.id/product-tag/jual-pc-rakitan-murah-jember,/product-tag/jual-pc-rakitan-murah-jember,1,22,20.86,other_nested,,/products/category/jual-pc-rakitan-murah-jember,redirect,product_tag_to_products_category,medium,pending_review,
112,https://www.kotacom.id/blog/startup-tech-surabaya-sidoarjo,/blog/startup-tech-surabaya-sidoarjo,0,22,19.45,other_nested,,/blog/startup-tech-surabaya-sidoarjo,keep_or_redirect,blog_slug_normalization,medium,pending_review,
113,https://www.kotacom.id/product-tag/jual-pc-rakitan-murah-blitar,/product-tag/jual-pc-rakitan-murah-blitar,0,22,16.81,other_nested,,/products/category/jual-pc-rakitan-murah-blitar,redirect,product_tag_to_products_category,medium,pending_review,
114,https://www.kotacom.id/product/pc-rakitan-player-karaoke-4tb-60-000-lagu-bukan-geisler-nakamichi,/product/pc-rakitan-player-karaoke-4tb-60-000-lagu-bukan-geisler-nakamichi,0,22,11.87,other_nested,,/products/pc-rakitan-player-karaoke-4tb-60-000-lagu-bukan-geisler-nakamichi,redirect,product_singular_to_plural,medium,pending_review,
115,https://www.kotacom.id/posts/konsultan-it-sidoarjo-terpercaya,/posts/konsultan-it-sidoarjo-terpercaya,0,22,7.45,other_nested,,/blog/konsultan-it-sidoarjo-terpercaya,redirect,legacy_posts_to_blog,high,pending_review,
116,https://www.kotacom.id/product/pc-karaoke-4tb-monitor-touchscreen-audiobank-kjb-nakamichi-geisler,/product/pc-karaoke-4tb-monitor-touchscreen-audiobank-kjb-nakamichi-geisler,2,21,21.75,other_nested,,/products/pc-karaoke-4tb-monitor-touchscreen-audiobank-kjb-nakamichi-geisler,redirect,product_singular_to_plural,medium,pending_review,
117,https://www.kotacom.id/percetakan/cetak-undangan,/percetakan/cetak-undangan,2,21,11.66,other_nested,,/services/printing-services,redirect,printing_cluster_to_service_canonical,low,pending_review,
118,https://www.kotacom.id/product-tag/jual-komputer-rakitan-murah-trenggalek/page/2,/product-tag/jual-komputer-rakitan-murah-trenggalek/page/2,1,21,18.35,other_nested,,/products/category/jual-komputer-rakitan-murah-trenggalek,redirect,product_tag_to_products_category,medium,pending_review,
119,https://www.kotacom.id/product/pc-karaoke-4tb-slim-60000-lagu-film-audiobank-kjb-nakamichi-geisler,/product/pc-karaoke-4tb-slim-60000-lagu-film-audiobank-kjb-nakamichi-geisler,1,21,15.19,other_nested,,/products/pc-karaoke-4tb-slim-60000-lagu-film-audiobank-kjb-nakamichi-geisler,redirect,product_singular_to_plural,medium,pending_review,
120,https://www.kotacom.id/product/paket-speaker-karaoke-bob-audio-8inc-power-amplifier-bt-2750,/product/paket-speaker-karaoke-bob-audio-8inc-power-amplifier-bt-2750,0,21,10.98,other_nested,,/products/paket-speaker-karaoke-bob-audio-8inc-power-amplifier-bt-2750,redirect,product_singular_to_plural,medium,pending_review,
121,https://www.kotacom.id/blog/smart-city-surabaya-teknologi,/blog/smart-city-surabaya-teknologi,0,21,8.37,other_nested,,/blog/smart-city-surabaya-teknologi,keep_or_redirect,blog_slug_normalization,medium,pending_review,
122,https://www.kotacom.id/blog/software-development-surabaya-terbaik-2025,/blog/software-development-surabaya-terbaik-2025,0,21,7.37,other_nested,,/blog/software-development-surabaya-terbaik-2025,keep_or_redirect,blog_slug_normalization,medium,pending_review,
123,https://www.kotacom.id/product-tag/jual-komputer-rakitan-murah-ngawi,/product-tag/jual-komputer-rakitan-murah-ngawi,1,20,20.71,other_nested,,/products/category/jual-komputer-rakitan-murah-ngawi,redirect,product_tag_to_products_category,medium,pending_review,
124,https://www.kotacom.id/product-tag/jual-pc-rakitan-murah-situbondo/page/2,/product-tag/jual-pc-rakitan-murah-situbondo/page/2,1,20,20.11,other_nested,,/products/category/jual-pc-rakitan-murah-situbondo,redirect,product_tag_to_products_category,medium,pending_review,
125,https://www.kotacom.id/product-tag/jual-pc-rakitan-murah-ngawi,/product-tag/jual-pc-rakitan-murah-ngawi,1,20,19.55,other_nested,,/products/category/jual-pc-rakitan-murah-ngawi,redirect,product_tag_to_products_category,medium,pending_review,
126,https://www.kotacom.id/product-tag/jual-komputer-rakitan-murah-probolinggo/page/2,/product-tag/jual-komputer-rakitan-murah-probolinggo/page/2,0,20,16.85,other_nested,,/products/category/jual-komputer-rakitan-murah-probolinggo,redirect,product_tag_to_products_category,medium,pending_review,
127,https://www.kotacom.id/product/pc-rakitan-core-2-duo-500gb-rakit-pc-office-surabaya,/product/pc-rakitan-core-2-duo-500gb-rakit-pc-office-surabaya,0,20,13.97,other_nested,,/products/pc-rakitan-core-2-duo-500gb-rakit-pc-office-surabaya,redirect,product_singular_to_plural,medium,pending_review,
128,https://www.kotacom.id/product/pc-core-i7-4xxx-fullset-ram-4gb-hdd500gb-led-24in-lg-hdmi,/product/pc-core-i7-4xxx-fullset-ram-4gb-hdd500gb-led-24in-lg-hdmi,0,20,13.73,other_nested,,/products/pc-core-i7-4xxx-fullset-ram-4gb-hdd500gb-led-24in-lg-hdmi,redirect,product_singular_to_plural,medium,pending_review,
129,https://www.kotacom.id/product-tag/jual-pc-rakitan-murah-gresik,/product-tag/jual-pc-rakitan-murah-gresik,0,20,12.45,other_nested,,/products/category/jual-pc-rakitan-murah-gresik,redirect,product_tag_to_products_category,medium,pending_review,
130,https://www.kotacom.id/service/cloud-services,/service/cloud-services,0,20,7.29,other_nested,,/services/cloud-services,redirect,service_namespace_merge,low,pending_review,
131,https://www.kotacom.id/blog/jasa-it-support-surabaya-sidoarjo-terpercaya-24jam,/blog/jasa-it-support-surabaya-sidoarjo-terpercaya-24jam,2,19,12.89,other_nested,,/blog/jasa-it-support-surabaya-sidoarjo-terpercaya-24jam,keep_or_redirect,blog_slug_normalization,medium,pending_review,
132,https://www.kotacom.id/product/pc-intel-core-i7-ram-16gb-ssd-256gb-casing-slim-enlight,/product/pc-intel-core-i7-ram-16gb-ssd-256gb-casing-slim-enlight,0,19,16.31,other_nested,,/products/pc-intel-core-i7-ram-16gb-ssd-256gb-casing-slim-enlight,redirect,product_singular_to_plural,medium,pending_review,
133,https://www.kotacom.id/product/pc-intel-core-i7-6700-ram-ddr4-32gb-ssd-1tb,/product/pc-intel-core-i7-6700-ram-ddr4-32gb-ssd-1tb,0,19,12.98,other_nested,,/products/pc-intel-core-i7-6700-ram-ddr4-32gb-ssd-1tb,redirect,product_singular_to_plural,medium,pending_review,
134,https://www.kotacom.id/product-tag/jual-pc-rakitan-murah-trenggalek,/product-tag/jual-pc-rakitan-murah-trenggalek,2,18,22.18,other_nested,,/products/category/jual-pc-rakitan-murah-trenggalek,redirect,product_tag_to_products_category,medium,pending_review,
135,https://www.kotacom.id/posts/coworking-space-tech-surabaya,/posts/coworking-space-tech-surabaya,0,18,7.12,other_nested,,/blog/coworking-space-tech-surabaya,redirect,legacy_posts_to_blog,high,pending_review,
136,https://www.kotacom.id/product/pc-intel-core-i7-10700f-ram-16gb-vga-rx-8-gb-ssd-512gb-hdd-1tb,/product/pc-intel-core-i7-10700f-ram-16gb-vga-rx-8-gb-ssd-512gb-hdd-1tb,1,17,19.03,other_nested,,/products/pc-intel-core-i7-10700f-ram-16gb-vga-rx-8-gb-ssd-512gb-hdd-1tb,redirect,product_singular_to_plural,medium,pending_review,
137,https://www.kotacom.id/product/pc-fullset-standart-office-19in-lg-i5-gen2-ram-8gb-ddr3,/product/pc-fullset-standart-office-19in-lg-i5-gen2-ram-8gb-ddr3,0,17,18.21,other_nested,,/products/pc-fullset-standart-office-19in-lg-i5-gen2-ram-8gb-ddr3,redirect,product_singular_to_plural,medium,pending_review,
138,https://www.kotacom.id/product-tag/jual-komputer-rakitan-murah-jombang,/product-tag/jual-komputer-rakitan-murah-jombang,0,17,15.53,other_nested,,/products/category/jual-komputer-rakitan-murah-jombang,redirect,product_tag_to_products_category,medium,pending_review,
139,https://www.kotacom.id/product-tag/jual-komputer-rakitan-murah-banyuwangi/page/2,/product-tag/jual-komputer-rakitan-murah-banyuwangi/page/2,0,17,12.33,other_nested,,/products/category/jual-komputer-rakitan-murah-banyuwangi,redirect,product_tag_to_products_category,medium,pending_review,
140,https://www.kotacom.id/digital-product/list-software,/digital-product/list-software,0,17,7.02,other_nested,,,manual_review,manual_intent_review_required,low,pending_review,
141,https://www.kotacom.id/product-tag/jual-pc-rakitan-murah-kediri,/product-tag/jual-pc-rakitan-murah-kediri,0,17,7.02,other_nested,,/products/category/jual-pc-rakitan-murah-kediri,redirect,product_tag_to_products_category,medium,pending_review,
142,https://www.kotacom.id/blog/page/12,/blog/page/12,0,16,11.82,other_nested,,/blog/12,keep_or_redirect,blog_slug_normalization,medium,pending_review,
143,https://www.kotacom.id/product/pc-rakitan-admin-kantor-office-standart-i5-gen-2-siap-kerja,/product/pc-rakitan-admin-kantor-office-standart-i5-gen-2-siap-kerja,0,15,18.03,other_nested,,/products/pc-rakitan-admin-kantor-office-standart-i5-gen-2-siap-kerja,redirect,product_singular_to_plural,medium,pending_review,
144,https://www.kotacom.id/blog/digitalisasi-umkm-surabaya-sidoarjo-terbaik-2025,/blog/digitalisasi-umkm-surabaya-sidoarjo-terbaik-2025,0,15,14.82,other_nested,,/blog/digitalisasi-umkm-surabaya-sidoarjo-terbaik-2025,keep_or_redirect,blog_slug_normalization,medium,pending_review,
145,https://www.kotacom.id/tag/service-mac-gresik,/tag/service-mac-gresik,0,15,13.6,other_nested,,,manual_review,manual_intent_review_required,low,pending_review,
146,https://www.kotacom.id/product-tag/jasa-rakit-pc-surabaya/page/2,/product-tag/jasa-rakit-pc-surabaya/page/2,0,15,12.38,other_nested,,/products/category/jasa-rakit-pc-surabaya,redirect,product_tag_to_products_category,medium,pending_review,
147,https://www.kotacom.id/product/pc-gaming-ryzen-5-ram-16gb-ddr4-ssd-512gb,/product/pc-gaming-ryzen-5-ram-16gb-ddr4-ssd-512gb,0,15,10.35,other_nested,,/products/pc-gaming-ryzen-5-ram-16gb-ddr4-ssd-512gb,redirect,product_singular_to_plural,medium,pending_review,
148,https://www.kotacom.id/product/pc-karaoke-1tb-15000-lagu-not-audiobank-kjb-nakamichi-geisler,/product/pc-karaoke-1tb-15000-lagu-not-audiobank-kjb-nakamichi-geisler,0,15,9.44,other_nested,,/products/pc-karaoke-1tb-15000-lagu-not-audiobank-kjb-nakamichi-geisler,redirect,product_singular_to_plural,medium,pending_review,
149,https://www.kotacom.id/product/led-monitor-lg-18-5-inch-19m38a,/product/led-monitor-lg-18-5-inch-19m38a,0,15,5.82,other_nested,,/products/led-monitor-lg-18-5-inch-19m38a,redirect,product_singular_to_plural,medium,pending_review,
150,https://www.kotacom.id/product-tag/jual-pc-rakitan-murah-batu-malang,/product-tag/jual-pc-rakitan-murah-batu-malang,1,14,13.78,other_nested,,/products/category/jual-pc-rakitan-murah-batu-malang,redirect,product_tag_to_products_category,medium,pending_review,
151,https://www.kotacom.id/product/pc-intel-core-i5-ram-8gb-vga-gtx-750-4gb-ddr5-ssd-512gb,/product/pc-intel-core-i5-ram-8gb-vga-gtx-750-4gb-ddr5-ssd-512gb,0,14,16.05,other_nested,,/products/pc-intel-core-i5-ram-8gb-vga-gtx-750-4gb-ddr5-ssd-512gb,redirect,product_singular_to_plural,medium,pending_review,
152,https://www.kotacom.id/product-tag/jual-pc-rakitan-murah-banyuwangi,/product-tag/jual-pc-rakitan-murah-banyuwangi,0,14,15.82,other_nested,,/products/category/jual-pc-rakitan-murah-banyuwangi,redirect,product_tag_to_products_category,medium,pending_review,
153,https://www.kotacom.id/projects/education,/projects/education,0,14,15.42,project_detail,/services,/projects/education,keep_or_redirect,projects_direct,medium,pending_review,
154,https://www.kotacom.id/service/data-security,/service/data-security,0,14,10.9,other_nested,,/services/data-security,redirect,service_namespace_merge,low,pending_review,
155,https://www.kotacom.id/product-tag/jual-pc-rakitan-murah-jember/page/2,/product-tag/jual-pc-rakitan-murah-jember/page/2,0,14,10.16,other_nested,,/products/category/jual-pc-rakitan-murah-jember,redirect,product_tag_to_products_category,medium,pending_review,
156,https://www.kotacom.id/product-tag/jual-komputer-rakitan-murah-batu-malang/page/2,/product-tag/jual-komputer-rakitan-murah-batu-malang/page/2,1,13,18.22,other_nested,,/products/category/jual-komputer-rakitan-murah-batu-malang,redirect,product_tag_to_products_category,medium,pending_review,
157,https://www.kotacom.id/product-tag/jual-pc-rakitan-murah-probolinggo,/product-tag/jual-pc-rakitan-murah-probolinggo,0,13,17.58,other_nested,,/products/category/jual-pc-rakitan-murah-probolinggo,redirect,product_tag_to_products_category,medium,pending_review,
158,https://www.kotacom.id/projects,/projects,0,13,16.35,project_index,/services,,manual_review,manual_intent_review_required,low,pending_review,
159,https://www.kotacom.id/projects/fashion-retail-pos-system,/projects/fashion-retail-pos-system,0,13,9.65,project_detail,/services,/projects/fashion-retail-pos-system,keep_or_redirect,projects_direct,medium,pending_review,
160,https://www.kotacom.id/blog/web-design-responsive-surabaya,/blog/web-design-responsive-surabaya,0,13,6.58,other_nested,,/blog/web-design-responsive-surabaya,keep_or_redirect,blog_slug_normalization,medium,pending_review,
161,https://www.kotacom.id/posts/jasa-it-support-surabaya-terpercaya,/posts/jasa-it-support-surabaya-terpercaya,0,13,6.58,other_nested,,/blog/jasa-it-support-surabaya-terpercaya,redirect,legacy_posts_to_blog,high,pending_review,
162,https://www.kotacom.id/shop/page/6,/shop/page/6,0,13,6.58,other_nested,,/blog,redirect,pagination_to_canonical_listing,low,pending_review,
163,https://www.kotacom.id/product-tag/jual-pc-rakitan-murah-lamongan,/product-tag/jual-pc-rakitan-murah-lamongan,3,12,20.12,other_nested,,/products/category/jual-pc-rakitan-murah-lamongan,redirect,product_tag_to_products_category,medium,pending_review,
164,https://www.kotacom.id/tag/service-macbook-murah-situbondo,/tag/service-macbook-murah-situbondo,2,12,11.11,other_nested,,,manual_review,manual_intent_review_required,low,pending_review,
165,https://www.kotacom.id/product/pc-core-g620-fullset-ram-4gb-hdd-500gb-led-24-in-lg-hdmi,/product/pc-core-g620-fullset-ram-4gb-hdd-500gb-led-24-in-lg-hdmi,1,12,8.28,other_nested,,/products/pc-core-g620-fullset-ram-4gb-hdd-500gb-led-24-in-lg-hdmi,redirect,product_singular_to_plural,medium,pending_review,
166,https://www.kotacom.id/product-category/rakit-pc/page/5,/product-category/rakit-pc/page/5,0,12,15.72,other_nested,,/blog,redirect,pagination_to_canonical_listing,low,pending_review,
167,https://www.kotacom.id/product-category/karaoke/player-karaoke,/product-category/karaoke/player-karaoke,0,12,8.72,other_nested,,,manual_review,manual_intent_review_required,low,pending_review,
168,https://www.kotacom.id/posts/backup-recovery-sistem-surabaya,/posts/backup-recovery-sistem-surabaya,0,12,6.46,other_nested,,/blog/backup-recovery-sistem-surabaya,redirect,legacy_posts_to_blog,high,pending_review,
169,https://www.kotacom.id/posts/software-development-surabaya-terbaik,/posts/software-development-surabaya-terbaik,0,12,6.46,other_nested,,/blog/software-development-surabaya-terbaik,redirect,legacy_posts_to_blog,high,pending_review,
170,https://www.kotacom.id/product-category/rakit-pc/rakit-pc-graphic/page/2,/product-category/rakit-pc/rakit-pc-graphic/page/2,0,12,6.46,other_nested,,/blog,redirect,pagination_to_canonical_listing,low,pending_review,
171,https://www.kotacom.id/product-tag/jual-pc-rakitan-murah-sumenep,/product-tag/jual-pc-rakitan-murah-sumenep,2,11,17.17,other_nested,,/products/category/jual-pc-rakitan-murah-sumenep,redirect,product_tag_to_products_category,medium,pending_review,
172,https://www.kotacom.id/tag/jasa-recovery-data-laptop-murah-mojokerto,/tag/jasa-recovery-data-laptop-murah-mojokerto,1,11,16.47,other_nested,,,manual_review,manual_intent_review_required,low,pending_review,
173,https://www.kotacom.id/product-tag/jual-komputer-rakitan-murah-bojonegoro/page/2,/product-tag/jual-komputer-rakitan-murah-bojonegoro/page/2,1,11,14.36,other_nested,,/products/category/jual-komputer-rakitan-murah-bojonegoro,redirect,product_tag_to_products_category,medium,pending_review,
174,https://www.kotacom.id/product-category/rakit-pc,/product-category/rakit-pc,0,11,15.5,other_nested,,,manual_review,manual_intent_review_required,low,pending_review,
175,https://www.kotacom.id/product-tag/jual-pc-rakitan-murah-ponorogo/page/2,/product-tag/jual-pc-rakitan-murah-ponorogo/page/2,0,11,15.06,other_nested,,/products/category/jual-pc-rakitan-murah-ponorogo,redirect,product_tag_to_products_category,medium,pending_review,
176,https://www.kotacom.id/product/pc-karaoke-2tb-monitor-touchscreen-audiobank-kjb-nakamichi-geisler,/product/pc-karaoke-2tb-monitor-touchscreen-audiobank-kjb-nakamichi-geisler,0,11,14.12,other_nested,,/products/pc-karaoke-2tb-monitor-touchscreen-audiobank-kjb-nakamichi-geisler,redirect,product_singular_to_plural,medium,pending_review,
177,https://www.kotacom.id/product-tag/jual-pc-rakitan-murah-ponorogo,/product-tag/jual-pc-rakitan-murah-ponorogo,0,11,11.86,other_nested,,/products/category/jual-pc-rakitan-murah-ponorogo,redirect,product_tag_to_products_category,medium,pending_review,
178,https://www.kotacom.id/posts/jasa-pembuatan-website-surabaya,/posts/jasa-pembuatan-website-surabaya,0,11,7.64,other_nested,,/blog/jasa-pembuatan-website-surabaya,redirect,legacy_posts_to_blog,high,pending_review,
179,https://www.kotacom.id/blog/jasa-pembuatan-website-surabaya-sidoarjo-terbaik,/blog/jasa-pembuatan-website-surabaya-sidoarjo-terbaik,0,11,6.32,other_nested,,/blog/jasa-pembuatan-website-surabaya-sidoarjo-terbaik,keep_or_redirect,blog_slug_normalization,medium,pending_review,
180,https://www.kotacom.id/product/komputer-pc-rakitan-office-fullset-i5-gen4-led-19in-lg,/product/komputer-pc-rakitan-office-fullset-i5-gen4-led-19in-lg,0,11,6.32,other_nested,,/products/komputer-pc-rakitan-office-fullset-i5-gen4-led-19in-lg,redirect,product_singular_to_plural,medium,pending_review,
181,https://www.kotacom.id/shop/page/9,/shop/page/9,0,11,6.32,other_nested,,/blog,redirect,pagination_to_canonical_listing,low,pending_review,
182,https://www.kotacom.id/product/pc-intel-core-i7-ram-16gb-ssdhdd,/product/pc-intel-core-i7-ram-16gb-ssdhdd,0,11,5.32,other_nested,,/products/pc-intel-core-i7-ram-16gb-ssdhdd,redirect,product_singular_to_plural,medium,pending_review,
183,https://www.kotacom.id/product/pc-rakitan-standart-office-fullset-19in-i3-gen2,/product/pc-rakitan-standart-office-fullset-19in-i3-gen2,0,11,5.32,other_nested,,/products/pc-rakitan-standart-office-fullset-19in-i3-gen2,redirect,product_singular_to_plural,medium,pending_review,
184,https://www.kotacom.id/pembuatan-website/portfolio,/pembuatan-website/portfolio,2,10,14.46,other_nested,,/services/jasa-pembuatan-website-surabaya,redirect,landing_cluster_to_service_canonical,low,pending_review,
185,https://www.kotacom.id/product-tag/jual-komputer-rakitan-murah-pacitan,/product-tag/jual-komputer-rakitan-murah-pacitan,0,10,17.41,other_nested,,/products/category/jual-komputer-rakitan-murah-pacitan,redirect,product_tag_to_products_category,medium,pending_review,
186,https://www.kotacom.id/product/pc-rakitan-core-i5-2400-ssd-120gb-4gb-500gb-design-office-admin-n,/product/pc-rakitan-core-i5-2400-ssd-120gb-4gb-500gb-design-office-admin-n,0,10,16.69,other_nested,,/products/pc-rakitan-core-i5-2400-ssd-120gb-4gb-500gb-design-office-admin-n,redirect,product_singular_to_plural,medium,pending_review,
187,https://www.kotacom.id/product-category/rakit-pc/page/1,/product-category/rakit-pc/page/1,0,10,14.77,other_nested,,/blog,redirect,pagination_to_canonical_listing,low,pending_review,
188,https://www.kotacom.id/product-tag/jual-komputer-rakitan-bangil,/product-tag/jual-komputer-rakitan-bangil,0,10,11.49,other_nested,,/products/category/jual-komputer-rakitan-bangil,redirect,product_tag_to_products_category,medium,pending_review,
189,https://www.kotacom.id/product/pc-core-i7-4xxx-fullset-ram-4gb-hdd-500gb-led-19in-lg,/product/pc-core-i7-4xxx-fullset-ram-4gb-hdd-500gb-led-19in-lg,0,10,6.17,other_nested,,/products/pc-core-i7-4xxx-fullset-ram-4gb-hdd-500gb-led-19in-lg,redirect,product_singular_to_plural,medium,pending_review,
190,https://www.kotacom.id/tag/service-laptop-pacet,/tag/service-laptop-pacet,1,9,8.96,other_nested,,,manual_review,manual_intent_review_required,low,pending_review,
191,https://www.kotacom.id/product-tag/jual-komputer-rakitan-murah-magetan-pamekasan/page/2,/product-tag/jual-komputer-rakitan-murah-magetan-pamekasan/page/2,0,9,15.93,other_nested,,/products/category/jual-komputer-rakitan-murah-magetan-pamekasan,redirect,product_tag_to_products_category,medium,pending_review,
192,https://www.kotacom.id/product-tag/jual-pc-rakitan-murah-pacitan,/product-tag/jual-pc-rakitan-murah-pacitan,0,9,15.76,other_nested,,/products/category/jual-pc-rakitan-murah-pacitan,redirect,product_tag_to_products_category,medium,pending_review,
193,https://www.kotacom.id/product-tag/jual-pc-rakitan-banyuwangi,/product-tag/jual-pc-rakitan-banyuwangi,0,9,15.13,other_nested,,/products/category/jual-pc-rakitan-banyuwangi,redirect,product_tag_to_products_category,medium,pending_review,
194,https://www.kotacom.id/product-tag/jual-komputer-rakitan-bangil/page/2,/product-tag/jual-komputer-rakitan-bangil/page/2,0,9,14.69,other_nested,,/products/category/jual-komputer-rakitan-bangil,redirect,product_tag_to_products_category,medium,pending_review,
195,https://www.kotacom.id/product-tag/jual-pc-rakitan-murah-magetan-pamekasan/page/2,/product-tag/jual-pc-rakitan-murah-magetan-pamekasan/page/2,0,9,13.8,other_nested,,/products/category/jual-pc-rakitan-murah-magetan-pamekasan,redirect,product_tag_to_products_category,medium,pending_review,
196,https://www.kotacom.id/product-category/rakit-pc/page/4,/product-category/rakit-pc/page/4,0,9,12.56,other_nested,,/blog,redirect,pagination_to_canonical_listing,low,pending_review,
197,https://www.kotacom.id/product-tag/jual-pc-rakitan-murah-sidoarjo/page/2,/product-tag/jual-pc-rakitan-murah-sidoarjo/page/2,0,9,12.38,other_nested,,/products/category/jual-pc-rakitan-murah-sidoarjo,redirect,product_tag_to_products_category,medium,pending_review,
198,https://www.kotacom.id/product-tag/jasa-rakit-pc-murah-gresik/page/2,/product-tag/jasa-rakit-pc-murah-gresik/page/2,0,9,11.67,other_nested,,/products/category/jasa-rakit-pc-murah-gresik,redirect,product_tag_to_products_category,medium,pending_review,
199,https://www.kotacom.id/product/hardisk-internal-500gb-10-ribu-lagu-karaoke-klip-asli-software-0,/product/hardisk-internal-500gb-10-ribu-lagu-karaoke-klip-asli-software-0,0,9,10.78,other_nested,,/products/hardisk-internal-500gb-10-ribu-lagu-karaoke-klip-asli-software-0,redirect,product_singular_to_plural,medium,pending_review,
200,https://www.kotacom.id/blog/server-maintenance-surabaya,/blog/server-maintenance-surabaya,0,9,6,other_nested,,/blog/server-maintenance-surabaya,keep_or_redirect,blog_slug_normalization,medium,pending_review,
201,https://www.kotacom.id/shop/page/10,/shop/page/10,0,9,6,other_nested,,/blog,redirect,pagination_to_canonical_listing,low,pending_review,
202,https://www.kotacom.id/tag/jual-game-pc-madiun,/tag/jual-game-pc-madiun,0,9,5,other_nested,,,manual_review,manual_intent_review_required,low,pending_review,
203,https://www.kotacom.id/product/pc-rakitan-core-i5-2400-ssd-120gb-4gb-500gb-design-office-admin,/product/pc-rakitan-core-i5-2400-ssd-120gb-4gb-500gb-design-office-admin,1,8,17.45,other_nested,,/products/pc-rakitan-core-i5-2400-ssd-120gb-4gb-500gb-design-office-admin,redirect,product_singular_to_plural,medium,pending_review,
204,https://www.kotacom.id/product-tag/jual-pc-rakitan-murah-lamongan/page/2,/product-tag/jual-pc-rakitan-murah-lamongan/page/2,1,8,17.35,other_nested,,/products/category/jual-pc-rakitan-murah-lamongan,redirect,product_tag_to_products_category,medium,pending_review,
205,https://www.kotacom.id/product/pc-rakitan-gaming-ryzen-5-2200g-8gb-500gb-rakit-pc-surabaya,/product/pc-rakitan-gaming-ryzen-5-2200g-8gb-500gb-rakit-pc-surabaya,1,8,8.85,other_nested,,/products/pc-rakitan-gaming-ryzen-5-2200g-8gb-500gb-rakit-pc-surabaya,redirect,product_singular_to_plural,medium,pending_review,
206,https://www.kotacom.id/tag/service-macbook-murah-ngawi,/tag/service-macbook-murah-ngawi,0,8,16.42,other_nested,,,manual_review,manual_intent_review_required,low,pending_review,
207,https://www.kotacom.id/tag/jasa-recovery-data-laptop-murah-ponorogo,/tag/jasa-recovery-data-laptop-murah-ponorogo,0,8,15.72,other_nested,,,manual_review,manual_intent_review_required,low,pending_review,
208,https://www.kotacom.id/tag/service-pc-murah-magetan-pamekasan,/tag/service-pc-murah-magetan-pamekasan,0,8,14.42,other_nested,,,manual_review,manual_intent_review_required,low,pending_review,
209,https://www.kotacom.id/product-tag/jual-komputer-rakitan-murah-magetan-pamekasan,/product-tag/jual-komputer-rakitan-murah-magetan-pamekasan,0,8,14.32,other_nested,,/products/category/jual-komputer-rakitan-murah-magetan-pamekasan,redirect,product_tag_to_products_category,medium,pending_review,
210,https://www.kotacom.id/product/pc-rakitan-core-i7-2600-ssd-120gb-4gb-500gb-design-office-admin,/product/pc-rakitan-core-i7-2600-ssd-120gb-4gb-500gb-design-office-admin,0,8,14.12,other_nested,,/products/pc-rakitan-core-i7-2600-ssd-120gb-4gb-500gb-design-office-admin,redirect,product_singular_to_plural,medium,pending_review,
211,https://www.kotacom.id/product-category/rakit-pc/page/2,/product-category/rakit-pc/page/2,0,8,13.02,other_nested,,/blog,redirect,pagination_to_canonical_listing,low,pending_review,
212,https://www.kotacom.id/product-tag/jual-pc-rakitan-murah-tulungagung/page/2,/product-tag/jual-pc-rakitan-murah-tulungagung/page/2,0,8,12.32,other_nested,,/products/category/jual-pc-rakitan-murah-tulungagung,redirect,product_tag_to_products_category,medium,pending_review,
213,https://www.kotacom.id/product/pc-intel-core-i5-3470-ram-16gb-ssd-512gb,/product/pc-intel-core-i5-3470-ram-16gb-ssd-512gb,0,8,6.52,other_nested,,/products/pc-intel-core-i5-3470-ram-16gb-ssd-512gb,redirect,product_singular_to_plural,medium,pending_review,
214,https://www.kotacom.id/product/pc-rakitan-khusus-office-standart-i5-4xxx,/product/pc-rakitan-khusus-office-standart-i5-4xxx,0,8,5.62,other_nested,,/products/pc-rakitan-khusus-office-standart-i5-4xxx,redirect,product_singular_to_plural,medium,pending_review,
215,https://www.kotacom.id/posts/web-design-responsive-surabaya,/posts/web-design-responsive-surabaya,0,8,4.82,other_nested,,/blog/web-design-responsive-surabaya,redirect,legacy_posts_to_blog,high,pending_review,
216,https://www.kotacom.id/product-category/uncategorized/page/3,/product-category/uncategorized/page/3,0,8,4.82,other_nested,,/blog,redirect,pagination_to_canonical_listing,low,pending_review,
217,https://www.kotacom.id/product-tag/jual-komputer-rakitan-surabaya,/product-tag/jual-komputer-rakitan-surabaya,3,7,21.4,other_nested,,/products/category/jual-komputer-rakitan-surabaya,redirect,product_tag_to_products_category,medium,pending_review,
218,https://www.kotacom.id/product-tag/jual-komputer-rakitan-murah-pacitan/page/2,/product-tag/jual-komputer-rakitan-murah-pacitan/page/2,0,7,16.16,other_nested,,/products/category/jual-komputer-rakitan-murah-pacitan,redirect,product_tag_to_products_category,medium,pending_review,
219,https://www.kotacom.id/tag/service-pc-murah-trenggalek,/tag/service-pc-murah-trenggalek,0,7,15.7,other_nested,,,manual_review,manual_intent_review_required,low,pending_review,
220,https://www.kotacom.id/blog/sistem-pos-surabaya-terbaik-untuk-umkm-2025,/blog/sistem-pos-surabaya-terbaik-untuk-umkm-2025,0,7,15.44,other_nested,,/blog/sistem-pos-surabaya-terbaik-untuk-umkm-2025,keep_or_redirect,blog_slug_normalization,medium,pending_review,
221,https://www.kotacom.id/product-tag/jual-pc-rakitan-murah-situbondo,/product-tag/jual-pc-rakitan-murah-situbondo,0,7,15.01,other_nested,,/products/category/jual-pc-rakitan-murah-situbondo,redirect,product_tag_to_products_category,medium,pending_review,
222,https://www.kotacom.id/product-tag/jual-komputer-rakitan-banyuwangi/page/2,/product-tag/jual-komputer-rakitan-banyuwangi/page/2,0,7,14.9,other_nested,,/products/category/jual-komputer-rakitan-banyuwangi,redirect,product_tag_to_products_category,medium,pending_review,
223,https://www.kotacom.id/tag/service-laptop-murah-lamongan,/tag/service-laptop-murah-lamongan,0,7,14.9,other_nested,,,manual_review,manual_intent_review_required,low,pending_review,
224,https://www.kotacom.id/product-tag/rakit-pc-office-and-tagged-jasa-rakit-pc-gresik/page/2,/product-tag/rakit-pc-office-and-tagged-jasa-rakit-pc-gresik/page/2,0,7,14.78,other_nested,,/products/category/rakit-pc-office-and-tagged-jasa-rakit-pc-gresik,redirect,product_tag_to_products_category,medium,pending_review,
225,https://www.kotacom.id/tag/service-macbook-murah-nganjuk,/tag/service-macbook-murah-nganjuk,0,7,14.78,other_nested,,,manual_review,manual_intent_review_required,low,pending_review,
226,https://www.kotacom.id/product/pc-intel-core-i5-ram-16gb-hdd-500gb-ssd-vga-4gb,/product/pc-intel-core-i5-ram-16gb-hdd-500gb-ssd-vga-4gb,0,7,14.1,other_nested,,/products/pc-intel-core-i5-ram-16gb-hdd-500gb-ssd-vga-4gb,redirect,product_singular_to_plural,medium,pending_review,
227,https://www.kotacom.id/tag/jasa-cetak-buku-polewali-mandar,/tag/jasa-cetak-buku-polewali-mandar,0,7,13.3,other_nested,,,manual_review,manual_intent_review_required,low,pending_review,
228,https://www.kotacom.id/tag/jasa-recovery-data-laptop-murah-probolinggo,/tag/jasa-recovery-data-laptop-murah-probolinggo,0,7,13.3,other_nested,,,manual_review,manual_intent_review_required,low,pending_review,
229,https://www.kotacom.id/download/blog,/download/blog,0,7,12.84,other_nested,,,manual_review,manual_intent_review_required,low,pending_review,
230,https://www.kotacom.id/product/pc-core-i3-4xxx-fullset-ram-4gb-hdd-500gb-led-19in-lg,/product/pc-core-i3-4xxx-fullset-ram-4gb-hdd-500gb-led-19in-lg,0,7,12.04,other_nested,,/products/pc-core-i3-4xxx-fullset-ram-4gb-hdd-500gb-led-19in-lg,redirect,product_singular_to_plural,medium,pending_review,
231,https://www.kotacom.id/download/category/uncategorized,/download/category/uncategorized,0,7,11.81,other_nested,,,manual_review,manual_intent_review_required,low,pending_review,
232,https://www.kotacom.id/product-tag/jual-pc-rakitan-murah-surabaya,/product-tag/jual-pc-rakitan-murah-surabaya,0,7,9.87,other_nested,,/products/category/jual-pc-rakitan-murah-surabaya,redirect,product_tag_to_products_category,medium,pending_review,
233,https://www.kotacom.id/product-category/rakit-pc/rakit-pc-gaming,/product-category/rakit-pc/rakit-pc-gaming,0,7,9.3,other_nested,,,manual_review,manual_intent_review_required,low,pending_review,
234,https://www.kotacom.id/projects/government,/projects/government,0,7,9.07,project_detail,/services,/projects/government,keep_or_redirect,projects_direct,medium,pending_review,
235,https://www.kotacom.id/product/pc-core-i7-4xxx-ram-4gb-hardisk-500gb,/product/pc-core-i7-4xxx-ram-4gb-hardisk-500gb,0,7,5.64,other_nested,,/products/pc-core-i7-4xxx-ram-4gb-hardisk-500gb,redirect,product_singular_to_plural,medium,pending_review,
236,https://www.kotacom.id/product-category/rakit-pc-gaming,/product-category/rakit-pc-gaming,0,7,5.61,other_nested,,,manual_review,manual_intent_review_required,low,pending_review,
237,https://www.kotacom.id/product-category/rakit-pc/rakit-pc-gaming/page/2,/product-category/rakit-pc/rakit-pc-gaming/page/2,0,7,5.61,other_nested,,/blog,redirect,pagination_to_canonical_listing,low,pending_review,
238,https://www.kotacom.id/tag/service-laptop-murah-mojokerto,/tag/service-laptop-murah-mojokerto,0,7,5.61,other_nested,,,manual_review,manual_intent_review_required,low,pending_review,
239,https://www.kotacom.id/posts/software-development-surabaya,/posts/software-development-surabaya,0,7,4.61,other_nested,,/blog/software-development-surabaya,redirect,legacy_posts_to_blog,high,pending_review,
240,https://www.kotacom.id/product/pc-core-g620-630-ram-4gb-hdd-500gb-led-19-in-lg,/product/pc-core-g620-630-ram-4gb-hdd-500gb-led-19-in-lg,0,7,4.61,other_nested,,/products/pc-core-g620-630-ram-4gb-hdd-500gb-led-19-in-lg,redirect,product_singular_to_plural,medium,pending_review,
241,https://www.kotacom.id/tag/jasa-upgrade-ssd-macbook-murah-tuban,/tag/jasa-upgrade-ssd-macbook-murah-tuban,1,6,18.69,other_nested,,,manual_review,manual_intent_review_required,low,pending_review,
242,https://www.kotacom.id/tag/jual-pc-rakitan-murah-nganjuk,/tag/jual-pc-rakitan-murah-nganjuk,0,6,14.78,other_nested,,,manual_review,manual_intent_review_required,low,pending_review,
243,https://www.kotacom.id/tag/jasa-install-ulang-lamongan,/tag/jasa-install-ulang-lamongan,0,6,14.65,other_nested,,,manual_review,manual_intent_review_required,low,pending_review,
244,https://www.kotacom.id/tag/service-macbook-murah-pacitan,/tag/service-macbook-murah-pacitan,0,6,13.45,other_nested,,,manual_review,manual_intent_review_required,low,pending_review,
245,https://www.kotacom.id/product/paket-speaker-karaoke-bmb-10inch-bmb-da-2700-bmb-112-mk-iii-12-inchi,/product/paket-speaker-karaoke-bmb-10inch-bmb-da-2700-bmb-112-mk-iii-12-inchi,0,6,12.91,other_nested,,/products/paket-speaker-karaoke-bmb-10inch-bmb-da-2700-bmb-112-mk-iii-12-inchi,redirect,product_singular_to_plural,medium,pending_review,
246,https://www.kotacom.id/tag/service-laptop-murah-bojonegoro,/tag/service-laptop-murah-bojonegoro,0,6,11.85,other_nested,,,manual_review,manual_intent_review_required,low,pending_review,
247,https://www.kotacom.id/posts/digital-transformation-umkm-surabaya,/posts/digital-transformation-umkm-surabaya,0,6,11.31,other_nested,,/blog/digital-transformation-umkm-surabaya,redirect,legacy_posts_to_blog,high,pending_review,
248,https://www.kotacom.id/tag/service-pc-murah-madiun,/tag/service-pc-murah-madiun,0,6,10.38,other_nested,,,manual_review,manual_intent_review_required,low,pending_review,
249,https://www.kotacom.id/tag/service-pc-murah-sumenep,/tag/service-pc-murah-sumenep,0,6,10.38,other_nested,,,manual_review,manual_intent_review_required,low,pending_review,
250,https://www.kotacom.id/product-category/rakit-pc-gaming/page/2,/product-category/rakit-pc-gaming/page/2,0,6,10.25,other_nested,,/blog,redirect,pagination_to_canonical_listing,low,pending_review,
251,https://www.kotacom.id/product-tag/jual-komputer-rakitan-murah-gresik,/product-tag/jual-komputer-rakitan-murah-gresik,0,6,9.18,other_nested,,/products/category/jual-komputer-rakitan-murah-gresik,redirect,product_tag_to_products_category,medium,pending_review,
252,https://www.kotacom.id/shop/pc-rakitan-core-i3-4160-gen-4-4gb-500gb-rakit-pc-surabaya,/shop/pc-rakitan-core-i3-4160-gen-4-4gb-500gb-rakit-pc-surabaya,0,6,6.91,other_nested,,,manual_review,manual_intent_review_required,low,pending_review,
253,https://www.kotacom.id/projects/retail,/projects/retail,0,6,6.65,project_detail,/services,/projects/retail,keep_or_redirect,projects_direct,medium,pending_review,
254,https://www.kotacom.id/blog/page/17,/blog/page/17,0,6,6.58,other_nested,,/blog/17,keep_or_redirect,blog_slug_normalization,medium,pending_review,
255,https://www.kotacom.id/blog/it-infrastructure-planning-surabaya,/blog/it-infrastructure-planning-surabaya,0,6,5.38,other_nested,,/blog/it-infrastructure-planning-surabaya,keep_or_redirect,blog_slug_normalization,medium,pending_review,
256,https://www.kotacom.id/blog/konsultan-it-sidoarjo-terpercaya-2025,/blog/konsultan-it-sidoarjo-terpercaya-2025,0,6,5.38,other_nested,,/blog/konsultan-it-sidoarjo-terpercaya-2025,keep_or_redirect,blog_slug_normalization,medium,pending_review,
257,https://www.kotacom.id/download/author/kotacom,/download/author/kotacom,0,6,5.38,other_nested,,,manual_review,manual_intent_review_required,low,pending_review,
258,https://www.kotacom.id/product-tag/jual-pc-rakitan-murah-sumenep/page/2,/product-tag/jual-pc-rakitan-murah-sumenep/page/2,0,6,5.38,other_nested,,/products/category/jual-pc-rakitan-murah-sumenep,redirect,product_tag_to_products_category,medium,pending_review,
259,https://www.kotacom.id/product/pc-rakitan-core-i3-4gb-500g-lengkap-siap-pakai-untuk-office-admin,/product/pc-rakitan-core-i3-4gb-500g-lengkap-siap-pakai-untuk-office-admin,0,6,5.38,other_nested,,/products/pc-rakitan-core-i3-4gb-500g-lengkap-siap-pakai-untuk-office-admin,redirect,product_singular_to_plural,medium,pending_review,
260,https://www.kotacom.id/product-tag/jual-komputer-rakitan-murah-gresik/page/2,/product-tag/jual-komputer-rakitan-murah-gresik/page/2,0,6,4.38,other_nested,,/products/category/jual-komputer-rakitan-murah-gresik,redirect,product_tag_to_products_category,medium,pending_review,
261,https://www.kotacom.id/product-tag/this-entry-was-posted-in-rakit-pc/page/2,/product-tag/this-entry-was-posted-in-rakit-pc/page/2,0,6,4.38,other_nested,,/products/category/this-entry-was-posted-in-rakit-pc,redirect,product_tag_to_products_category,medium,pending_review,
262,https://www.kotacom.id/tag/service-macbook-murah-bondowoso,/tag/service-macbook-murah-bondowoso,1,5,18.56,other_nested,,,manual_review,manual_intent_review_required,low,pending_review,
263,https://www.kotacom.id/shop/page/4,/shop/page/4,0,5,18.03,other_nested,,/blog,redirect,pagination_to_canonical_listing,low,pending_review,
264,https://www.kotacom.id/product-tag/jual-pc-rakitan-jember,/product-tag/jual-pc-rakitan-jember,0,5,17.87,other_nested,,/products/category/jual-pc-rakitan-jember,redirect,product_tag_to_products_category,medium,pending_review,
265,https://www.kotacom.id/tag/jasa-rakit-pc-murah-magetan-pamekasan,/tag/jasa-rakit-pc-murah-magetan-pamekasan,0,5,17.71,other_nested,,,manual_review,manual_intent_review_required,low,pending_review,
266,https://www.kotacom.id/product-tag/jual-komputer-rakitan-murah-kediri,/product-tag/jual-komputer-rakitan-murah-kediri,0,5,16.11,other_nested,,/products/category/jual-komputer-rakitan-murah-kediri,redirect,product_tag_to_products_category,medium,pending_review,
267,https://www.kotacom.id/product-tag/jual-komputer-rakitan-murah-trenggalek,/product-tag/jual-komputer-rakitan-murah-trenggalek,0,5,16.11,other_nested,,/products/category/jual-komputer-rakitan-murah-trenggalek,redirect,product_tag_to_products_category,medium,pending_review,
268,https://www.kotacom.id/product/pc-core-i7-2600-fullset-led-24in-keymouse-ram-4gb-case-standart,/product/pc-core-i7-2600-fullset-led-24in-keymouse-ram-4gb-case-standart,0,5,15.63,other_nested,,/products/pc-core-i7-2600-fullset-led-24in-keymouse-ram-4gb-case-standart,redirect,product_singular_to_plural,medium,pending_review,
269,https://www.kotacom.id/tag/jasa-mengembalikan-data-yang-terhapus-banyuwangi,/tag/jasa-mengembalikan-data-yang-terhapus-banyuwangi,0,5,15.47,other_nested,,,manual_review,manual_intent_review_required,low,pending_review,
270,https://www.kotacom.id/product/pc-rakitan-core-i5-4gb-500gb-siap-pakai-untuk-office-admin,/product/pc-rakitan-core-i5-4gb-500gb-siap-pakai-untuk-office-admin,0,5,12.59,other_nested,,/products/pc-rakitan-core-i5-4gb-500gb-siap-pakai-untuk-office-admin,redirect,product_singular_to_plural,medium,pending_review,
271,https://www.kotacom.id/product/pc-intel-core-i5-10400f-ram-16gb-vga-gtx-4gb-ddr5-ssd-512ghdd-1tb,/product/pc-intel-core-i5-10400f-ram-16gb-vga-gtx-4gb-ddr5-ssd-512ghdd-1tb,0,5,12.43,other_nested,,/products/pc-intel-core-i5-10400f-ram-16gb-vga-gtx-4gb-ddr5-ssd-512ghdd-1tb,redirect,product_singular_to_plural,medium,pending_review,
272,https://www.kotacom.id/blog/page/18,/blog/page/18,0,5,8.79,other_nested,,/blog/18,keep_or_redirect,blog_slug_normalization,medium,pending_review,
273,https://www.kotacom.id/blog/page/46,/blog/page/46,0,5,8.15,other_nested,,/blog/46,keep_or_redirect,blog_slug_normalization,medium,pending_review,
274,https://www.kotacom.id/product/pc-i7-gen4-fullset-ram-8gb-hdd500gb-led-24in-lg-hdmi,/product/pc-i7-gen4-fullset-ram-8gb-hdd500gb-led-24in-lg-hdmi,0,5,7.79,other_nested,,/products/pc-i7-gen4-fullset-ram-8gb-hdd500gb-led-24in-lg-hdmi,redirect,product_singular_to_plural,medium,pending_review,
275,https://www.kotacom.id/blog/page/67,/blog/page/67,0,5,6.11,other_nested,,/blog/67,keep_or_redirect,blog_slug_normalization,medium,pending_review,
276,https://www.kotacom.id/shop/page/7,/shop/page/7,0,5,5.23,other_nested,,/blog,redirect,pagination_to_canonical_listing,low,pending_review,
277,https://www.kotacom.id/posts/sistem-pos-surabaya-terbaik-untuk-umkm,/posts/sistem-pos-surabaya-terbaik-untuk-umkm,0,5,5.11,other_nested,,/blog/sistem-pos-surabaya-terbaik-untuk-umkm,redirect,legacy_posts_to_blog,high,pending_review,
278,https://www.kotacom.id/product-tag/jual-komputer-rakitan-pacet/page/2,/product-tag/jual-komputer-rakitan-pacet/page/2,0,5,5.11,other_nested,,/products/category/jual-komputer-rakitan-pacet,redirect,product_tag_to_products_category,medium,pending_review,
279,https://www.kotacom.id/product-tag/jual-komputer-rakitan-gresik,/product-tag/jual-komputer-rakitan-gresik,1,4,19.45,other_nested,,/products/category/jual-komputer-rakitan-gresik,redirect,product_tag_to_products_category,medium,pending_review,
280,https://www.kotacom.id/tag/jasa-recovery-data-laptop-murah-ngawi,/tag/jasa-recovery-data-laptop-murah-ngawi,1,4,19.05,other_nested,,,manual_review,manual_intent_review_required,low,pending_review,
281,https://www.kotacom.id/product-category/rakit-pc/rakit-pc-graphic,/product-category/rakit-pc/rakit-pc-graphic,1,4,8.25,other_nested,,,manual_review,manual_intent_review_required,low,pending_review,
282,https://www.kotacom.id/posts/it-infrastructure-planning-surabaya,/posts/it-infrastructure-planning-surabaya,0,4,17.2,other_nested,,/blog/it-infrastructure-planning-surabaya,redirect,legacy_posts_to_blog,high,pending_review,
283,https://www.kotacom.id/tag/game-pc-malang,/tag/game-pc-malang,0,4,17,other_nested,,,manual_review,manual_intent_review_required,low,pending_review,
284,https://www.kotacom.id/tag/service-mac-sidoarjo,/tag/service-mac-sidoarjo,0,4,15.6,other_nested,,,manual_review,manual_intent_review_required,low,pending_review,
285,https://www.kotacom.id/product-tag/jual-komputer-rakitan-banyuwangi,/product-tag/jual-komputer-rakitan-banyuwangi,0,4,15.4,other_nested,,/products/category/jual-komputer-rakitan-banyuwangi,redirect,product_tag_to_products_category,medium,pending_review,
286,https://www.kotacom.id/product-tag/jual-pc-rakitan-murah-sidoarjo,/product-tag/jual-pc-rakitan-murah-sidoarjo,0,4,15.4,other_nested,,/products/category/jual-pc-rakitan-murah-sidoarjo,redirect,product_tag_to_products_category,medium,pending_review,
287,https://www.kotacom.id/tag/jasa-pasang-software-kasir-surabaya,/tag/jasa-pasang-software-kasir-surabaya,0,4,15,other_nested,,,manual_review,manual_intent_review_required,low,pending_review,
288,https://www.kotacom.id/product/hardisk-eksternal-2tb-film-bluray-game-pc-konser-musik-fitnes-0,/product/hardisk-eksternal-2tb-film-bluray-game-pc-konser-musik-fitnes-0,0,4,14.4,other_nested,,/products/hardisk-eksternal-2tb-film-bluray-game-pc-konser-musik-fitnes-0,redirect,product_singular_to_plural,medium,pending_review,
289,https://www.kotacom.id/tag/service-laptop-murah-situbondo,/tag/service-laptop-murah-situbondo,0,4,14.4,other_nested,,,manual_review,manual_intent_review_required,low,pending_review,
290,https://www.kotacom.id/tag/jual-game-pc-jember,/tag/jual-game-pc-jember,0,4,14,other_nested,,,manual_review,manual_intent_review_required,low,pending_review,
291,https://www.kotacom.id/projects/it-infrastructure-upgrade-cv-maju-bersama,/projects/it-infrastructure-upgrade-cv-maju-bersama,0,4,13.6,project_detail,/services,/projects/it-infrastructure-upgrade-cv-maju-bersama,keep_or_redirect,projects_direct,medium,pending_review,
292,https://www.kotacom.id/tag/jasa-mengembalikan-data-yang-terhapus-jember,/tag/jasa-mengembalikan-data-yang-terhapus-jember,0,4,13.6,other_nested,,,manual_review,manual_intent_review_required,low,pending_review,
293,https://www.kotacom.id/tag/service-macbook-murah-mojokerto,/tag/service-macbook-murah-mojokerto,0,4,13.6,other_nested,,,manual_review,manual_intent_review_required,low,pending_review,
294,https://www.kotacom.id/tag/sewa-game-pc-gresik,/tag/sewa-game-pc-gresik,0,4,13.6,other_nested,,,manual_review,manual_intent_review_required,low,pending_review,
295,https://www.kotacom.id/product/pc-rakitan-core-i3-3240-ssd-120gb-4gb-500gb-design-office-admin,/product/pc-rakitan-core-i3-3240-ssd-120gb-4gb-500gb-design-office-admin,0,4,13.2,other_nested,,/products/pc-rakitan-core-i3-3240-ssd-120gb-4gb-500gb-design-office-admin,redirect,product_singular_to_plural,medium,pending_review,
296,https://www.kotacom.id/tag/jasa-install-os-software-macbook-gresik,/tag/jasa-install-os-software-macbook-gresik,0,4,13.2,other_nested,,,manual_review,manual_intent_review_required,low,pending_review,
297,https://www.kotacom.id/tag/jual-pc-rakitan-murah-bojonegoro,/tag/jual-pc-rakitan-murah-bojonegoro,0,4,13.2,other_nested,,,manual_review,manual_intent_review_required,low,pending_review,
298,https://www.kotacom.id/tag/service-laptop-murah-bangkalan,/tag/service-laptop-murah-bangkalan,0,4,13.2,other_nested,,,manual_review,manual_intent_review_required,low,pending_review,
299,https://www.kotacom.id/projects/manufacturing,/projects/manufacturing,0,4,12.6,project_detail,/services,/projects/manufacturing,keep_or_redirect,projects_direct,medium,pending_review,
300,https://www.kotacom.id/product-tag/jual-komputer-rakitan-madura,/product-tag/jual-komputer-rakitan-madura,0,4,12.4,other_nested,,/products/category/jual-komputer-rakitan-madura,redirect,product_tag_to_products_category,medium,pending_review,
